model,MAE,RMSE,MAPE,MAE_improvement_%
"ARIMA(7,1,2)",6.255659218854925,7.743782650648211,70.41091722026994,0.0
Prophet,11.403551794454303,12.648546148936502,94.3260441174733,-82.3
LSTM,7.324619770050049,9.12672387130491,97.6942383818047,-17.1
